ngen,population,time
0,33,0.01804041862487793
0,66,0.010512590408325195
0,99,0.013494014739990234
